Management Monthly Roster,,,,,,,,,,,,,,,,,,,,,,,,,,,,,,,,,,,,,,,
,,,,,,,,,,,,,,,,,,,,,,,,,,,,,,,,,,,,,,,
Roster Period:,December 2024,,Date Range:,Nov 25 - Dec 31,,,Status:,Confirmed,,,,,,,,,,,,,,,,,,,,,,,,,,,,,,,
Created:,2024-12-02,,Store:,Melbourne CBD,,,,,,,,,,,,,,,,,,,,,,,,,,,,,,,,,,,
,,,,,,,,,,,,,,,,,,,,,,,,,,,,,,,,,,,,,,,
,,,,,,,,,,,,,,,,,,,,,,,,,,,,,,,,,,,,,,,
+,Employee Name,Position,"Mon
25","Tue
26","Wed
27","Thu
28","Fri
29","Sat
30","Sun
31","Mon
1","Tue
2","Wed
3","Thu
4","Fri
5","Sat
6","Sun
7","Mon
8","Tue
9","Wed
10","Thu
11","Fri
12","Sat
13","Sun
14","Mon
15","Tue
16","Wed
17","Thu
18","Fri
19","Sat
20","Sun
21","Mon
22","Tue
23","Wed
24","Thu
25","Fri
26","Sat
27","Sun
28","Mon
29","Tue
30"
,John Smith,Restaurant General Manager,S,/,1F,3F,/,S,3F,/,1F,1F,3F,/,1F,M,S,/,1F,3F,/,S,3F,/,1F,1F,3F,/,1F,M,S,/,1F,3F,/,S,3F,/,1F
,Sarah Chen,1st Assistant Manager,1F,1F,/,1F,1F,SC,/,1F,1F,1F,/,1F,1F,/,1F,1F,SC,/,1F,1F,1F,/,1F,1F,/,1F,1F,SC,/,1F,1F,1F,/,1F,1F,/,1F
,Michael Wong,1st Assistant Manager,1F,1F,/,S,1F,1F,/,1F,NA,NA,NA,NA,NA,NA,NA,NA,NA,1F,/,S,1F,1F,/,1F,1F,1F,/,S,1F,1F,/,1F,1F,1F,/,S,1F
,Emma Liu,2nd Assistant Manager,/,2F,2F,2F,/,2F,2F,/,2F,2F,3F,/,/,2F,2F,2F,/,2F,2F,/,2F,2F,3F,/,/,2F,2F,2F,/,2F,2F,/,2F,2F,3F,/,/
,David Zhang,2nd Assistant Manager,3F,3F,/,3F,3F,/,/,2F,3F,3F,/,3F,3F,/,3F,3F,/,/,2F,3F,3F,/,3F,3F,/,3F,3F,/,/,2F,3F,3F,/,3F,3F,/,3F
,Lisa Park,Management Trainee,2F,/,3F,/,2F,3F,/,2F,3F,/,2F,M,2F,/,3F,/,2F,3F,/,2F,3F,/,2F,M,2F,/,3F,/,2F,3F,/,2F,3F,/,2F,M,2F